DISTRITOS;DESCRICAO_UNIDADE;CONTRATADA_UNID;APONTADA_UNID;APONTADA_POR_CONTRATADA_UNID;PORCENTAGEM_UNIDADE_CENT;
AGUA RASA;RESIDENCIA TERAPEUTICA ARICANDUVA III - MISTA;4176;4176;0;100,00%;
AGUA RASA;HOSPITAL DIA MOOCA;12708;12328;-380;97,01%;
AGUA RASA;RESIDENCIA TERAPEUTICA ARICANDUVA II - MASCULINO;4356;4224;-132;96,97%;
AGUA RASA;CEO II VILA BERTIOGA;2610;2510;-100;96,17%;
AGUA RASA;AMA/UBS INTEGRADA AGUA RASA;8502;8072;-430;94,94%;
AGUA RASA;AMA/UBS INTEGRADA VILA ORATORIO - DR. TITO PEDRO MASCELANI;12756;11834;-922;92,77%;
AGUA RASA;UBS VILA BERTIOGA - PROF. DOMINGOS DELASCIO;4582;4142;-440;90,40%;
ALTO DE PINHEIROS;CAPS AD III LEOPOLDINA;12280;10312;-1968;83,97%;
ALTO DE PINHEIROS;UBS ALTO DE PINHEIROS;15890;13210;-2680;83,13%;
ALTO DE PINHEIROS;PSM LAPA - PROF. JOAO CATARIN MEZOMO;24542;20086;-4456;81,84%;
ANHANGUERA;UBS MORRO DOCE;24600;24120;-480;98,05%;
ANHANGUERA;UBS MORADA DO SOL;12000;11600;-400;96,67%;
ANHANGUERA;UBS JARDIM ROSINHA;17736;16076;-1660;90,64%;
ANHANGUERA;AMA/UBS INTEGRADA PARQUE ANHANGUERA;32994;28976;-4018;87,82%;
ARICANDUVA;UBS JARDIM IVA;27960;27790;-170;99,39%;
ARICANDUVA;UBS VILA NOVA YORK;20800;20600;-200;99,04%;
ARICANDUVA;AMA/UBS INTEGRADA VILA ANTONIETA;9120;8738;-382;95,81%;
ARTUR ALVIM;UBS PADRE JOSE DE ANCHIETA;1440;1600;160;100,00%;
ARTUR ALVIM;AMA/UBS INTEGRADA PADRE MANOEL DA NOBREGA;13422;11368;-2054;84,70%;
ARTUR ALVIM;UBS ANTONIO PIRES F VILLALOBO;25480;21560;-3920;84,62%;
ARTUR ALVIM;UBS ANTONIO ESTEVAO DE CARVALHO;23410;19800;-3610;84,58%;
ARTUR ALVIM;AMA/UBS INTEGRADA JARDIM NORDESTE - ATE SETEMBRO 2021;9496;7848;-1648;82,65%;
ARTUR ALVIM;UBS JARDIM SAO NICOLAU;36580;30010;-6570;82,04%;
ARTUR ALVIM;CER PARQUE ARTHUR ALVIM;3780;2980;-800;78,84%;
BARRA FUNDA;RESIDENCIA TERAPEUTICA PERDIZES I - MISTA;5320;4560;-760;85,71%;
BARRA FUNDA;RESIDENCIA TERAPEUTICA PERDIZES II - MISTA;5880;5040;-840;85,71%;
BELA VISTA;UBS NOSSA SENHORA DO BRASIL - ARMANDO DARIENZO;27090;2410;-24680;8,90%;
BELA VISTA;UBS HUMAITA;25200;1890;-23310;7,50%;
BELEM;UBS BELENZINHO - MARCUS WOLOSKER;34750;33440;-1310;96,23%;
BELEM;CAPS ADULTO III MOOCA;1420;688;-732;48,45%;
BOM RETIRO;UBS BOM RETIRO - DR. OCTAVIO AUGUSTO RODOVALHO;22500;3480;-19020;15,47%;
BOM RETIRO;AMA COMPLEXO PRATES;1584;168;-1416;10,61%;
BOM RETIRO;CAPS ALCOOL E DROGAS III COMPLEXO PRATES;10884;0;-10884;0,00%;
BOM RETIRO;SIAT II ARMENIA;1080;0;-1080;0,00%;
BRAS;UBS BRAS - DR. MANOEL SALDIVA NETO;16120;15560;-560;96,53%;
BRASILANDIA;CAPS ADULTO III BRASILANDIA;22810;15978;-6832;70,05%; 
BRASILANDIA;UBS JARDIM GUARANI;55136;34250;-20886;62,12%;
BRASILANDIA;UBS JARDIM VISTA ALEGRE;57592;35304;-22288;61,30%;
BRASILANDIA;UBS JARDIM ICARAAç - BRASILANDIA;43200;26440;-16760;61,20%;
BRASILANDIA;AMA/UBS INTEGRADA JARDIM PAULISTANO;70090;42788;-27302;61,05%;
BRASILANDIA;UBS VILA PENTEADO - FATIMA DE JESUS VIANA ROSA;61540;37430;-24110;60,82%;
BRASILANDIA;UBS MARIA CECIçLIA F. DONNANGELO;11560;7008;-4552;60,62%;
BRASILANDIA;UBS NOVA ESPERANCA - PAULISTANO II;27320;16320;-11000;59,74%;
BRASILANDIA;HOSP DIA DA REDE HORA CERTA BRASILANDIA;21168;12584;-8584;59,45%;
BRASILANDIA;UBS VILA TEREZINHA;32800;19480;-13320;59,39%;
BRASILANDIA;UBS DR. AUGUSTO LEOPOLDO AYROSA GALVAO;56200;33300;-22900;59,25%;
BRASILANDIA;UBS SILMARYA REJANE MARCOLINO DE SOUZA;57030;33694;-23336;59,08%;
BRASILANDIA;AMA/UBS INTEGRADA JARDIM ELISA MARIA;28522;16412;-12110;57,54%;
BRASILANDIA;CAPS AÅLCOOL E DROGAS III FREGUESIA DO O BRASILANDIA;34276;19228;-15048;56,10%;
BRASILANDIA;UBS VILA BRASILANDIA;27880;14960;-12920;53,66%;
BRASILANDIA;AMA/UBS INTEGRADA JARDIM LADEIRA ROSA;18850;9944;-8906;52,75%;
BUTANTA;AMA JARDIM PERI PERI;4116;3792;-324;92,13%;
BUTANTA;PSM BUTANTA - DR CAETANO VIRGILIO NETO;19930;18354;-1576;92,09%;
BUTANTA;HOSPITAL DIA BUTANTA;1810;1530;-280;84,53%;
BUTANTA;RESIDENCIA TERAPEUTICA BUTANTA I - MASCULINO;6240;4864;-1376;77,95%;
BUTANTA;CAPS III ALCOOL E DROGAS BUTANTA;11658;8998;-2660;77,18%;
BUTANTA;UBS BUTANTA;23610;18030;-5580;76,37%;
BUTANTA;RESIDENCIA TERAPEUTICA BUTANTA II - MISTA;6240;4576;-1664;73,33%;
BUTANTA;URSI BUTANTA;2440;1780;-660;72,95%;
BUTANTA;CEO II BUTANTA;3360;2360;-1000;70,24%;
BUTANTA;UBS CAXINGUI - NANCI ABRANCHES;4810;3310;-1500;68,81%;
BUTANTA;CENTRO DE SAUDE ESCOLA BUTANTA - CSE BUTANTA;1120;0;-1120;0,00%;
CACHOEIRINHA;UBS DRA. ILZA WELTMAN HUTZLER;52000;33320;-18680;64,08%;
CACHOEIRINHA;AMA JARDIM PERI;22500;14040;-8460;62,40%;
CACHOEIRINHA;UBS VILA DIONISIA;70536;43600;-26936;61,81%;
CACHOEIRINHA;CAPS INFANTO JUVENIL II CASA VERDE CACHOEIRINHA LIMAO;25760;15800;-9960;61,34%;
CACHOEIRINHA;UBS VILA DIONISIA II;31570;19350;-12220;61,29%;
CACHOEIRINHA;CAPS ALCOOL E DROGAS II CACHOEIRINHA;17320;10440;-6880;60,28%;
CACHOEIRINHA;UBS JARDIM PERI;18480;10172;-8308;55,04%;
CAMBUCI;UBS CAMBUCI;37500;3060;-34440;8,16%;
CAMPO BELO;UBS JARDIM AEROPORTO - DR MASSAKI UDIHARA;6456;5320;-1136;82,40%;
CAMPO GRANDE;UBS VILA ARRIETE - DR. DECIO PACHECO PEDROSO;8366;6590;-1776;78,77%;
CAMPO GRANDE;UBS CAMPO GRANDE;16990;12874;-4116;75,77%;
CAMPO GRANDE;CER III SANTO AMARO;14100;10460;-3640;74,18%;
CAMPO LIMPO;HOSPITAL DIA CAMPO LIMPO ;12768;12732;-36;99,72%;
CAMPO LIMPO;UBS JARDIM MARCELO;12820;12300;-520;95,94%;
CANGAIBA;AMA ENGENHEIRO GOULART - DR. JOSE PIRES;18760;16050;-2710;85,55%;
CANGAIBA;AMA/UBS INTEGRADA CANGAIçBA - DR. CARLOS GENTILE DE MELLO;13936;11856;-2080;85,07%;
CANGAIBA;UBS ENGENHEIRO GOULART - DR. JOSE PIRES;7200;6094;-1106;84,64%;
CANGAIBA;AMA/UBS INTEGRADA CHACARA CRUZEIRO DO SUL;20888;17648;-3240;84,49%;
CANGAIBA;AMA/UBS INTEGRADA VILA SILVIA;13706;11562;-2144;84,36%;
CANGAIBA;UBS JARDIM SAO FRANCISCO;15840;12980;-2860;81,94%;
CANGAIBA;CAPS AD II CANGAIBA;10650;8710;-1940;81,78%;
CAPAO REDONDO;UBS JARDIM SAO BENTO;39368;39490;122;100,00%;
CAPAO REDONDO;UBS JARDIM VALQUIRIA;32328;32400;72;100,00%;
CAPAO REDONDO;AMA/UBS INTEGRADA PARQUE FERNANDA;36664;36724;60;100,00%;
CAPAO REDONDO;UBS JARDIM COMERCIAL;37040;37090;50;100,00%;
CAPAO REDONDO;UBS LUAR DO SERTAO;28320;28350;30;100,00%;
CAPAO REDONDO;UBS JARDIM MARACAÅ;41220;41260;40;100,00%;
CAPAO REDONDO;AMA CAPAO REDONDO;12456;12456;0;100,00%;
CAPAO REDONDO;PA MUN JARDIM MACEDONIA;9792;9792;0;100,00%;
CAPAO REDONDO;UBS JARDIM GERMANIA;11560;11560;0;100,00%;
CAPAO REDONDO;UBS JARDIM MACEDONIA;22264;22264;0;100,00%;
CAPAO REDONDO;UBS JARDIM MAGDALENA;20200;20200;0;100,00%;
CAPAO REDONDO;UBS PARQUE DO ENGENHO II;31920;31920;0;100,00%;
CAPAO REDONDO;UBS JARDIM LIçDIA;28960;28910;-50;99,83%;
CAPAO REDONDO;UBS JARDIM ELEDY;21080;21040;-40;99,81%;
CAPAO REDONDO;AMA ESPECIALIDADES CAPAO REDONDO;10128;9278;-850;91,61%;
CARRAO;AMA/UBS INTEGRADA VILA CARRAO - DR. ADHEMAR MONTEIRO PACHECO;13332;12850;-482;96,38%;
CARRAO;CAPS ADULTO II ARICANDUVA/ FORMOSA;7080;6790;-290;95,90%;
CARRAO;CEO II VILA CARRAO;5040;4800;-240;95,24%;
CARRAO;CAPS INFANTO JUVENIL III ARICANDUVA;13800;12800;-1000;92,75%;
CARRAO;UBS VILA NOVA MANCHESTER - DR. ARLINDO GENNARI;1060;980;-80;92,45%;
CASA VERDE;AMA/UBS INTEGRADA MASSAGISTA MAÅRIO AMERICO;34890;25728;-9162;73,74%;
CASA VERDE;UBS/AE/CEO DR. WALTER ELIAS;13430;8168;-5262;60,82%;
CASA VERDE;AMA ESPECIALIDADES PARQUE PERUCHE;16522;9850;-6672;59,62%;
CASA VERDE;UBS CASA VERDE ALTA;49980;29530;-20450;59,08%;
CASA VERDE;UBS CASA VERDE;5974;3518;-2456;58,89%;
CASA VERDE;UBS PARQUE PERUCHE;4630;2720;-1910;58,75%;
CASA VERDE;CAPS ADULTO II CASA VERDE;26812;14084;-12728;52,53%;
CIDADE ADEMAR;ASSISTENCIA DOMICILIAR CIDADE ADEMAR;1380;1460;80;100,00%;
CIDADE ADEMAR;RESIDENCIA TERAPEUTICA CIDADE ADEMAR I - MISTA;3914;3736;-178;95,45%;
CIDADE ADEMAR;UBS VILA CONSTANCIA - DR VICENTE OCTAÅVIO GUIDA;8326;6698;-1628;80,45%;
CIDADE ADEMAR;UBS JARDIM UMUARAMA;8894;7048;-1846;79,24%;
CIDADE ADEMAR;AMA/UBS INTEGRADA VILA IMPERIO ;12344;9748;-2596;78,97%;
CIDADE ADEMAR;UBS VILA IMPERIO II - DRA GILDA TERA TAHIRA;48610;37818;-10792;77,80%;
CIDADE ADEMAR;UBS JARDIM MIRIAM II;55300;42164;-13136;76,25%;
CIDADE ADEMAR;AMA/UBS INTEGRADA VILA JOANIZA ;14550;11056;-3494;75,99%;
CIDADE ADEMAR;UBS CIDADE JULIA;32648;24692;-7956;75,63%;
CIDADE ADEMAR;UBS JARDIM SAO JORGE - C. ADEMAR;32656;24692;-7964;75,61%;
CIDADE ADEMAR;UBS JARDIM NITEROI;36566;27582;-8984;75,43%;
CIDADE ADEMAR;UBS JARDIM SAO CARLOS - C. ADEMAR;32656;24532;-8124;75,12%;
CIDADE ADEMAR;AMA ESPECIALIDADES DR. VICENTE OCTAÅVIO GUIDA - VILA CONSTANCIA ;9116;6844;-2272;75,08%;
CIDADE ADEMAR;AMA/UBS INTEGRADA JARDIM MIRIAM - MANOEL SOARES DE OLIVEIRA ;15734;11714;-4020;74,45%;
CIDADE ADEMAR;AMA/UBS INTEGRADA VILA MISSIONAÅRIA ;17098;12564;-4534;73,48%;
CIDADE ADEMAR;URSI CIDADE ADEMAR;15908;11354;-4554;71,37%;
CIDADE DUTRA;UBS JORDANOPOLIS;18360;14040;-4320;76,47%;
CIDADE DUTRA;URSI CAPELA DO SOCORRO;4760;3640;-1120;76,47%;
CIDADE DUTRA;CAPS INFANTO JUVENIL III CIDADE DUTRA;23214;17598;-5616;75,81%;
CIDADE DUTRA;UBS AUTODROMO DR FAUZER SIMAO ABRAO;28470;21510;-6960;75,55%;
CIDADE DUTRA;UBS JARDIM ORION/GUANHEMBU;38760;29040;-9720;74,92%;
CIDADE DUTRA;UBS JARDIM REPUBLICA;12468;9210;-3258;73,87%;
CIDADE DUTRA;UBS JARDIM CLIPER;19990;14698;-5292;73,53%;
CIDADE DUTRA;AMA/UBS INTEGRADA JARDIM ICARAIç - QUINTANA;22730;16534;-6196;72,74%;
CIDADE DUTRA;RESIDENCIA TERAPEUTICA CAPELA DO SOCORRO;6872;4960;-1912;72,18%;
CIDADE DUTRA;AMA ESPECIALIDADES JARDIM ICARAIç;9800;7056;-2744;72,00%;
CIDADE DUTRA;CAPS ADULTO III CAPELA DO SOCORRO;23196;16672;-6524;71,87%;
CIDADE DUTRA;UAD CAPELA DO SOCORRO;10800;7760;-3040;71,85%;
CIDADE DUTRA;RESIDENCIA TERAPEUTICA CAPELA DO SOCORRO II - MISTA;7232;5144;-2088;71,13%;
CIDADE DUTRA;CER II JD CLIPER;3058;2154;-904;70,44%;
CIDADE DUTRA;UBS SERGIO CHADDAD;8434;5918;-2516;70,17%;
CIDADE DUTRA;HOSP DIA DA REDE HORA CERTA CAPELA DO SOCORRO;30692;19078;-11614;62,16%;
CIDADE DUTRA;UBS VILA DA PAZ ;5010;0;-5010;0,00%;
CIDADE LIDER;AMA/UBS INTEGRADA VILA ITAPEMA;8106;8870;764;100,00%;
CIDADE LIDER;AMA/UBS INTEGRADA JARDIM BRASILIA;13130;13312;182;100,00%;
CIDADE LIDER;UBS JARDIM SANTA TEREZINHA;25450;24700;-750;97,05%;
CIDADE LIDER;AMA/UBS INTEGRADA CIDADE LIDER I;37030;34118;-2912;92,14%;
CIDADE LIDER;UBS JARDIM SANTA MARIA;26890;24220;-2670;90,07%;
CIDADE LIDER;CAPS INFANTO JUVENIL II CIDADE LIDER;9360;8430;-930;90,06%;
CIDADE TIRADENTES;UBS PREFEITO PRESTES MAIA;12584;12560;-24;99,81%;
CIDADE TIRADENTES;PA GLORIA RODRIGUES SANTOS BONFIM;11712;11532;-180;98,46%;
CIDADE TIRADENTES;CEO/CER CIDADE TIRADENTES;6600;6330;-270;95,91%;
CIDADE TIRADENTES;UBS CARLOS GENTILE DE MELO;35390;33132;-2258;93,62%;
CIDADE TIRADENTES;CAPS ADULTO II CIDADE TIRADENTES;7884;7336;-548;93,05%;
CIDADE TIRADENTES;UBS PROFETA JEREMIAS;19370;17970;-1400;92,77%;
CIDADE TIRADENTES;UBS INAÅCIO MONTEIRO;27560;25400;-2160;92,16%;
CIDADE TIRADENTES;RESIDENCIA TERAPEUTICA CIDADE TIRADENTES - MASCULINA;7592;6864;-728;90,41%;
CIDADE TIRADENTES;AMA/UBS INTEGRADA FAZENDA DO CARMO;10300;9312;-988;90,41%;
CIDADE TIRADENTES;UBS BARRO BRANCO;20150;18216;-1934;90,40%;
CIDADE TIRADENTES;UBS DOM ANGELICO;14560;13120;-1440;90,11%;
CIDADE TIRADENTES;UBS GRAÅFICOS;16250;14580;-1670;89,72%;
CIDADE TIRADENTES;UBS FERROVIAÅRIOS;12980;11620;-1360;89,52%;
CIDADE TIRADENTES;UBS CIDADE TIRADENTES I;8220;7324;-896;89,10%;
CIDADE TIRADENTES;UBS JARDIM VITORIA;9880;8720;-1160;88,26%;
CIDADE TIRADENTES;CAPS INFANTO JUVENIL CIDADE TIRADENTES;1950;1700;-250;87,18%;
CIDADE TIRADENTES;UBS NASCER DO SOL;11244;9690;-1554;86,18%;
CIDADE TIRADENTES;UBS CASTRO ALVES ;25894;22012;-3882;85,01%;
CURSINO;UBS AGUA FUNDA;23930;23350;-580;97,58%;
CURSINO;UBS JARDIM DA SAUDE - NEUSA ROSAÅLIA MORALES;7230;6980;-250;96,54%;
CURSINO;UBS VILA MORAES - DR. JOAO PAULO BOTELHO VIEIRA ;17512;16456;-1056;93,97%;
ERMELINO MATARAZZO;UPA ERMELINO MATARAZZO;18144;18144;0;100,00%;
ERMELINO MATARAZZO;CAPS AÅLCOOL E DROGAS II ERMELINO MATARAZZO;7320;7280;-40;99,45%;
ERMELINO MATARAZZO;UBS JARDIM KERALUX;11040;10760;-280;97,46%;
ERMELINO MATARAZZO;UBS ERMELINO MATARAZZO;34860;33770;-1090;96,87%;
ERMELINO MATARAZZO;CAPS INFANTO JUVENIL II ERMELINO MATARAZZO;8040;7764;-276;96,57%;
ERMELINO MATARAZZO;UBS VILA CISPER;28290;27270;-1020;96,39%;
ERMELINO MATARAZZO;UBS DR. PEDRO DE SOUZA CAMPOS;24180;23110;-1070;95,57%;
ERMELINO MATARAZZO;CAPS ADULTO II ERMELINO MATARAZZO;8820;8380;-440;95,01%;
ERMELINO MATARAZZO;AMA/UBS INTEGRADA PROF. DR. HUMBERTO CERRUTI - PQ BOTURUSSU;21966;19966;-2000;90,90%;
FREGUESIA DO O;CAPS INFANTO JUVENIL II FREGUESIA BRASILANDIA;10490;7340;-3150;69,97%;
FREGUESIA DO O;PSM FREGUESIA DO O - 21 DE JUNHO;32188;20346;-11842;63,21%;
FREGUESIA DO O;UBS VILA RAMOS;34000;21060;-12940;61,94%;
FREGUESIA DO O;UBS CRUZ DAS ALMAS;42720;26120;-16600;61,14%;
FREGUESIA DO O;NIR FREGUESIA DO O / BRASILANDIA;15600;9180;-6420;58,85%;
FREGUESIA DO O;AMA/UBS INTEGRADA VILA PALMEIRAS;15376;8742;-6634;56,85%;
FREGUESIA DO O;HOTEL SEMER;12592;6760;-5832;53,68%;
GRAJAU;UBS JARDIM LUCELIA ;38080;32600;-5480;85,61%;
GRAJAU;RESIDENCIA TERAPEUTICA GRAJAU;7048;5720;-1328;81,16%;
GRAJAU;CEO II CAPELA DO SOCORRO;3580;2900;-680;81,01%;
GRAJAU;UBS VARGINHA;51070;39782;-11288;77,90%;
GRAJAU;UBS VILA NATAL;47670;36560;-11110;76,69%;
GRAJAU;UBS ALCINA PIMENTEL PIZA;10880;8280;-2600;76,10%;
GRAJAU;CAPS INFANTO JUVENIL II CAPELA DO SOCORRO;11350;8626;-2724;76,00%;
GRAJAU;UBS ANCHIETA;48856;37120;-11736;75,98%;
GRAJAU;UBS JARDIM NOVO HORIZONTE;41620;31540;-10080;75,78%;
GRAJAU;CAPS ALCOOL E DROGAS III GRAJAE;23800;18012;-5788;75,68%;
GRAJAU;UBS SHANGRILAÅ ELLUS;28390;21470;-6920;75,63%;
GRAJAU;UBS JARDIM TRES CORACOES;63070;47670;-15400;75,58%;
GRAJAU;UBS JARDIM ELIANE;61166;46230;-14936;75,58%;
GRAJAU;UBS CHAÅCARA DO CONDE;42670;32230;-10440;75,53%;
GRAJAU;UBS CANTINHO DO CEU ;29240;22080;-7160;75,51%;
GRAJAU;CAPS III ADULTO GRAJAU;23290;17570;-5720;75,44%;
GRAJAU;UBS GAIVOTAS;35870;27020;-8850;75,33%;
GRAJAU;UBS CHACARA SANTO AMARO;13600;10240;-3360;75,29%;
GRAJAU;UBS PARQUE RESIDENCIAL COCAIA INDEPENDENTE;54746;40852;-13894;74,62%;
GRAJAU;AMA/UBS INTEGRADA JARDIM MIRNA;39460;29256;-10204;74,14%;
GRAJAU;AMA/UBS INTEGRADA JARDIM CASTRO ALVES;64540;47756;-16784;73,99%;
GRAJAU;CER IV MILTON ALDRED;11022;8142;-2880;73,87%;
GRAJAU;AMB ESPEC DR. MILTON ALDRED;4700;3450;-1250;73,40%;
GRAJAU;UBS CHACARA DO SOL;6520;4600;-1920;70,55%;
GRAJAU;PSM DONA MARIA ANTONIETA FERREIRA DE BARROS;31396;20696;-10700;65,92%;
GUAIANASES;UBS GUAIANASES II;5902;5598;-304;94,85%;
GUAIANASES;UBS PREFEITO CELSO AUGUSTO DANIEL;29070;27340;-1730;94,05%;
GUAIANASES;UBS JARDIM SOARES;52440;48820;-3620;93,10%;
GUAIANASES;CEO II JARDIM SAO CARLOS;3120;2900;-220;92,95%;
GUAIANASES;CER JARDIM SOARES;3900;3600;-300;92,31%;
GUAIANASES;RESIDENCIA TERAPEUTICA GUAIANASES II -FEMININA;7592;6968;-624;91,78%;
GUAIANASES;CAPS ADULTO II GUAIANASES - ARTHUR BISPO DO ROSAÅRIO;7070;6480;-590;91,65%;
GUAIANASES;RESIDENCIA TERAPEUTICA GUAIANASES I - MISTA;7592;6936;-656;91,36%;
GUAIANASES;AMA PRESIDENTE JUSCELINO KUBITSCHEK;3924;3576;-348;91,13%;
GUAIANASES;CAPS INFANTO-JUVENIL II GUAIANASES;6840;6210;-630;90,79%;
GUAIANASES;UBS VILA COSMOPOLITA;15610;13940;-1670;89,30%;
GUAIANASES;RESIDENCIA TERAPEUTICA GUAIANASES III - MISTA;6656;5908;-748;88,76%;
GUAIANASES;AMB ESPEC JARDIM SAO CARLOS;13584;11960;-1624;88,04%;
GUAIANASES;CAPS ALCOOL E DROGAS II GUAIANASES;6630;5810;-820;87,63%;
GUAIANASES;CER II GUAIANASES;6170;5210;-960;84,44%;
IGUATEMI;AMA/UBS INTEGRADA JARDIM DA CONQUISTA III;33668;25200;-8468;74,85%;
IGUATEMI;UBS CDHU PALANQUE;14080;10160;-3920;72,16%;
IGUATEMI;UBS PARQUE BOA ESPERANCA;17250;12270;-4980;71,13%;
IGUATEMI;UBS JARDIM DA CONQUISTA II;22400;15760;-6640;70,36%;
IGUATEMI;UBS RECANTO VERDE SOL;40830;28190;-12640;69,04%;
IGUATEMI;UBS JARDIM ROSELI;15020;8140;-6880;54,19%;
IGUATEMI;AMA/UBS INTEGRADA JARDIM DAS LARANJEIRAS;23444;12188;-11256;51,99%;
IPIRANGA;UBS VILA CARIOCA;11040;10980;-60;99,46%;
IPIRANGA;UBS ALMIRANTE DELAMARE;22140;21900;-240;98,92%;
IPIRANGA;AMA/UBS INTEGRADA SAO VICENTE DE PAULA;17736;17514;-222;98,75%;
IPIRANGA;SIAT III HELIOPOLIS;8352;8244;-108;98,71%;
IPIRANGA;CAPS AÅLCOOL E DROGAS II SACOMA;9120;8930;-190;97,92%;
IPIRANGA;UBS HELIOPOLIS ;12820;12540;-280;97,82%;
IPIRANGA;CAPS AÅLCOOL DROGAS III HELIOPOLIS ;16008;15626;-382;97,61%;
IPIRANGA;RESIDENCIA TERAPEUTICA IPIRANGA I - MISTA;3936;3828;-108;97,26%;
IPIRANGA;CAPS ADULTO II V. MONUMENTO;9360;9060;-300;96,79%;
IPIRANGA;RESIDENCIA TERAPEUTICA VILA MONUMENTO - MASCULINO;4416;4272;-144;96,74%;
IPIRANGA;CAPS INFANTO JUVENIL III HELIOPOLIS;15288;14192;-1096;92,83%;
IPIRANGA;HOSPITAL DIA IPIRANGA DR FLAVIO GIANNOTTI;9936;8724;-1212;87,80%;
IPIRANGA;RESIDENCIA TERAPEUTICA IPIRANGA II;2436;1956;-480;80,30%;
IPIRANGA;CECCO HELIOPOLIS;1260;980;-280;77,78%;
IPIRANGA;UBS DR. OSWALDO MARASCA JUNIOR;2184;1524;-660;69,78%;
ITAIM BIBI;RESIDENCIA TERAPEUTICA ITAIM BIBI I - MISTA;5320;4560;-760;85,71%;
ITAIM BIBI;UBS JARDIM EDITE GERONCIO HENRIQUE NETO;26420;22368;-4052;84,66%;
ITAIM BIBI;RESIDENCIA TERAPEUTICA ITAIM BIBI II - MISTA;6364;5364;-1000;84,29%;
ITAIM BIBI;CAPS ADULTO III ITAIM BIBI;12592;10086;-2506;80,10%;
ITAIM BIBI;UBS MENINOPOLIS - DR. MARIO FRANCISCO NAPOLITANO;4586;3630;-956;79,15%;
ITAIM BIBI;UBS JOSE DE BARROS MAGALDI;19760;15430;-4330;78,09%;
ITAIM PAULISTA;UBS ENCOSTA NORTE;26838;28814;1976;100,00%;
ITAIM PAULISTA;CER II JARDIM CAMARGO NOVO;9660;9560;-100;98,96%;
ITAIM PAULISTA;AMA/UBS INTEGRADA JARDIM DAS OLIVEIRAS;23220;22904;-316;98,64%;
ITAIM PAULISTA;PA DR. ATUALPA GIRAO RABELO;14556;13688;-868;94,04%;
ITAIM PAULISTA;UBS JARDIM NELIA ;50100;46500;-3600;92,81%;
ITAIM PAULISTA;CAPS INFANTO JUVENIL II ITAIM PAULISTA;9500;8750;-750;92,11%;
ITAIM PAULISTA;UBS CIDADE KEMEL;19040;17440;-1600;91,60%;
ITAIM PAULISTA;UBS JARDIM CAMARGO NOVO;9342;8486;-856;90,84%;
ITAIM PAULISTA;UBS DR. ATUALPA GIRAO RABELO;14528;13136;-1392;90,42%;
ITAIM PAULISTA;UBS JARDIM INDAIA;20630;18650;-1980;90,40%;
ITAIM PAULISTA;CAPS ALCOOL E DROGAS II JARDIM NELIA;8100;7310;-790;90,25%;
ITAIM PAULISTA;HOSP DIA DA REDE HORA CERTA ITAIM PAULISTA;12200;10172;-2028;83,38%;
ITAQUERA;UBS VILA NOSSA SENHORA APARECIDA;10140;13720;3580;100,00%;
ITAQUERA;AMA/UBS INTEGRADA VILA CARMOSINA;8682;9768;1086;100,00%;
ITAQUERA;AMA/UBS INTEGRADA PARADA XV DE NOVEMBRO;7226;7112;-114;98,42%;
ITAQUERA;AMA/UBS INTEGRADA AGUIA DE HAIA;8910;8516;-394;95,58%;
ITAQUERA;AMA ESPECIALIDADES ITAQUERA;8698;8148;-550;93,68%;
ITAQUERA;UBS URSI CONJUNTO AE CARVALHO;11140;10310;-830;92,55%;
ITAQUERA;UPA III ITAQUERA - 26 DE AGOSTO;26172;23480;-2692;89,71%;
ITAQUERA;UBS VILA SANTANA;25630;22900;-2730;89,35%;
ITAQUERA;UBS VILA RAMOS - DR. LUIZ AUGUSTO DE CAMPOS;33590;29620;-3970;88,18%;
JABAQUARA;UBS VILA CANAA;14080;14020;-60;99,57%;
JABAQUARA;RESIDENCIA TERAPEUTICA JABAQUARA I - MASCULINO;4416;4380;-36;99,18%;
JABAQUARA;CAPS ADULTO II JABAQUARA;7920;7810;-110;98,61%;
JABAQUARA;UBS JARDIM LOURDES;31660;31100;-560;98,23%;
JABAQUARA;UBS VILA CAMPESTRE;22840;22340;-500;97,81%;
JABAQUARA;AMA/UBS INTEGRADA AMERICANOPOLIS;23220;22662;-558;97,60%;
JABAQUARA;UBS VILA SANTA CATARINA;24300;23700;-600;97,53%;
JABAQUARA;UBS CUPECE - DR. WALDOMIRO PREGNOLATTO ;27264;26504;-760;97,21%;
JABAQUARA;RESIDENCIA TERAPEUTICA JABAQUARA II - MISTA;3936;3824;-112;97,15%;
JABAQUARA;AMA/UBS INTEGRADA VILA CLARA ;32720;31742;-978;97,01%;
JABAQUARA;AMA/UBS INTEGRADA DR. GERALDO DA SILVA FERREIRA ;10720;10058;-662;93,82%;
JABAQUARA;UBS CIDADE VARGAS;3270;3060;-210;93,58%;
JACANA;CAPS ADULTO II DR. LEONIDIO GALVAO DOS SANTOS (JACANA/ TREMEMBE);6290;5690;-600;90,46%;
JACANA;UPA JACANA;21944;19632;-2312;89,46%;
JACANA;NIR JACANA;5260;4640;-620;88,21%;
JACANA;UBS JOVA RURAL;28900;25420;-3480;87,96%;
JACANA;UBS DR JOSE DE TOLEDO PIZA;24870;21860;-3010;87,90%;
JACANA;UBS JACANA - DR SEBASTIAO GABRIEL SAYAGO DE LAET;14040;12240;-1800;87,18%;
JACANA;UBS VILA NOVA GALVAO - SONIA REGINA CAMPANELLI;25070;21850;-3220;87,16%;
JACANA;UBS PARQUE EDU CHAVES;15720;13660;-2060;86,90%;
JAGUARA;AMA VILA PIAUI;2304;2016;-288;87,50%;
JAGUARA;UBS VILA JAGUARA;21620;18380;-3240;85,01%;
JAGUARA;UBS VILA PIAUI;34360;28960;-5400;84,28%;
JAGUARE;AMA/UBS INTEGRADA VILA NOVA JAGUARE;49314;41888;-7426;84,94%;
JARAGUA;UBS ALDEIA JARAGUAÅ - KWARAY DJEKUPE;6420;6300;-120;98,13%;
JARAGUA;UBS ALPES DO JARAGUA;12000;11740;-260;97,83%;
JARAGUA;UBS JARDIM RINCAO;20280;19630;-650;96,79%;
JARAGUA;UBS PARQUE NACOES UNIDAS SEM TERRA;27240;26160;-1080;96,04%;
JARAGUA;AMA/UBS INTEGRADA CITY JARAGUA;39672;37714;-1958;95,06%;
JARAGUA;AMA/UBS INTEGRADA ELAçSIO TEIXEIRA LEITE;35988;34110;-1878;94,78%;
JARAGUA;UBS INTERATIVA;30090;28200;-1890;93,72%;
JARAGUA;UBS JARDIM PANAMERICANO;11370;10380;-990;91,29%;
JARAGUA;UBS UNIAO DAS VILAS DE TAIPAS;26400;23160;-3240;87,73%;
JARAGUA;AMA/UBS INTEGRADA JARDIM IPANEMA;8430;7378;-1052;87,52%;
JARDIM ANGELA;UBS JARDIM CAICARA;26832;26920;88;100,00%;
JARDIM ANGELA;AMA/UBS INTEGRADA PARQUE NOVO SANTO AMARO;29624;29656;32;100,00%;
JARDIM ANGELA;UBS VERA CRUZ;38620;38640;20;100,00%;
JARDIM ANGELA;UBS HORIZONTE AZUL;15832;15840;8;100,00%;
JARDIM ANGELA;UBS JARDIM HERCULANO;29400;29406;6;100,00%;
JARDIM ANGELA;CEO II VERA CRUZ;2160;2160;0;100,00%;
JARDIM ANGELA;CER IV M BOI MIRIM;17858;17858;0;100,00%;
JARDIM ANGELA;UBS ALTO DA RIVIERA;19240;19240;0;100,00%;
JARDIM ANGELA;UBS CHACARA SANTA MARIA;19720;19720;0;100,00%;
JARDIM ANGELA;UBS CIDADE IPAVA;26320;26320;0;100,00%;
JARDIM ANGELA;UBS JARDIM ARACATI;16840;16840;0;100,00%;
JARDIM ANGELA;UBS JARDIM COIMBRA;31240;31240;0;100,00%;
JARDIM ANGELA;UBS JARDIM GUARUJA;20200;20200;0;100,00%;
JARDIM ANGELA;UBS JARDIM NAKAMURA;17320;17320;0;100,00%;
JARDIM ANGELA;UBS JARDIM PARANAPANEMA;25480;25480;0;100,00%;
JARDIM ANGELA;UBS JARDIM SANTA MARGARIDA;17320;17320;0;100,00%;
JARDIM ANGELA;UBS PARQUE DO LAGO;11800;11800;0;100,00%;
JARDIM ANGELA;UBS SANTA LECIA;28840;28840;0;100,00%;
JARDIM ANGELA;UPA JARDIM ANGELA ;11088;11088;0;100,00%;
JARDIM ANGELA;UPA VERA CRUZ;9072;9072;0;100,00%;
JARDIM ANGELA;HOSPITAL DIA M BOI MIRIM II ;8268;8262;-6;99,93%;
JARDIM ANGELA;AMA/UBS INTEGRADA JARDIM CAPELA;34392;34332;-60;99,83%;
JARDIM ANGELA;UBS VILA CALU;17080;16960;-120;99,30%;
JARDIM HELENA;UBS JARDIM MAIA;51240;48200;-3040;94,07%;
JARDIM HELENA;AMA/UBS INTEGRADA JARDIM ROMANO (ANTIGO VILA ITAIM);26096;24372;-1724;93,39%;
JARDIM HELENA;UBS TRES PONTES;27510;25360;-2150;92,18%;
JARDIM HELENA;AMA/UBS INTEGRADA PARQUE PAULISTANO;20800;18542;-2258;89,14%;
JARDIM HELENA;AMA/UBS INTEGRADA JARDIM HELENA;14528;12652;-1876;87,09%;
JARDIM SAO LUIZ;CAPS ALCOOL E DROGAS III JARDIM ANGELA;9384;9384;0;100,00%;
JARDIM SAO LUIZ;CAPS INFANTO JUVENIL II M BOI MIRIM;6880;6840;-40;99,42%;
JARDIM SAO LUIZ;HOSPITAL DIA M BOI MIRIM I ;13868;13764;-104;99,25%;
JARDIM SAO LUIZ;CAPS III ALCOOL E DROGAS JARDIM SAO LUIZ;9382;8786;-596;93,65%;
JARDIM SAO LUIZ;AMA JARDIM SAO LUIZ;4680;4320;-360;92,31%;
JARDIM SAO LUIZ;ASSISTENCIA DOMICILIAR M BOI MIRIM;1950;1800;-150;92,31%;
JARDIM SAO LUIZ;AMA/UBS INTEGRADA JARDIM ALFREDO;41444;38176;-3268;92,11%;
JARDIM SAO LUIZ;AMA/UBS INTEGRADA PARQUE FIGUEIRA GRANDE;38806;35688;-3118;91,97%;
JARDIM SAO LUIZ;UBS VILA DAS BELEZAS - DR. ALBERTO AMBROSIO;31850;29280;-2570;91,93%;
JARDIM SAO LUIZ;UBS JARDIM THOMAS;30950;28440;-2510;91,89%;
JARDIM SAO LUIZ;AMA/UBS INTEGRADA PARQUE SANTO ANTONIO;57954;53176;-4778;91,76%;
JARDIM SAO LUIZ;UBS CHAÅCARA SANTANA;30150;27640;-2510;91,67%;
JARDIM SAO LUIZ;AMA ESPECIALIDADES JARDIM SAO LUIZ;9312;8536;-776;91,67%;
JARDIM SAO LUIZ;UBS ZUMBI DOS PALMARES;22100;20240;-1860;91,58%;
JARDIM SAO LUIZ;UBS NOVO JARDIM I;31940;29240;-2700;91,55%;
JARDIM SAO LUIZ;UBS JARDIM CELESTE;24830;22720;-2110;91,50%;
JARDIM SAO LUIZ;UBS BRASIçLIA - MBOI;31330;28660;-2670;91,48%;
JARDIM SAO LUIZ;UBS JARDIM SOUZA;43350;39590;-3760;91,33%;
JARDIM SAO LUIZ;UBS NOVO CAMINHO;25600;23360;-2240;91,25%;
JOSE BONIFACIO;AMA/UBS INTEGRADA JOSE BONIFACIO I;11038;10436;-602;94,55%;
JOSE BONIFACIO;UBS JARDIM SAO PEDRO - FRANCISCO ANTONIO CESARONI;18804;17506;-1298;93,10%;
JOSE BONIFACIO;CAPS INFANTOJUVENIL II ITAQUERA;8970;8284;-686;92,35%;
JOSE BONIFACIO;AMA/UBS INTEGRADA JOSE BONIFACIO III - DRA LUCY MAYUMI UDAKIRI;8708;7892;-816;90,63%;
LAJEADO;UBS GUAIANASES I;11636;12552;916;100,00%;
LAJEADO;UBS VILA CHABILANDIA;10304;9866;-438;95,75%;
LAJEADO;UBS JARDIM BANDEIRANTES;8840;8360;-480;94,57%;
LAJEADO;UBS JARDIM AURORA;9830;9204;-626;93,63%;
LAJEADO;UBS JARDIM FANGANIELLO;21840;20440;-1400;93,59%;
LAJEADO;UBS J ETELVINA ;10300;9520;-780;92,43%;
LAJEADO;UBS JARDIM ROBRU - GUAIANASES;10490;9432;-1058;89,91%;
LAJEADO;UBS PRIMEIRO DE OUTUBRO;36150;32210;-3940;89,10%;
LAJEADO;UBS SANTA LUZIA;11960;10640;-1320;88,96%;
LAJEADO;UPA JULIO TUPY;22260;19284;-2976;86,63%;
LAPA;AMA SOROCABANA;15904;13856;-2048;87,12%;
LAPA;UBS VILA ANASTACIO;8756;7540;-1216;86,11%;
LAPA;RESIDENCIA TERAPEUTICA LAPA II - MISTA;5880;5004;-876;85,10%;
LAPA;CAPS III ADULTO LAPA;11240;9548;-1692;84,95%;
LAPA;CER III LAPA;14924;12608;-2316;84,48%;
LAPA;RESIDENCIA TERAPEUTICA LAPA - FEMININO;5320;4488;-832;84,36%;
LAPA;UBS VILA ROMANA;19026;15750;-3276;82,78%;
LAPA;HOSPITAL SOROCABANA;5280;4368;-912;82,73%;
LAPA;HOSP DIA DA REDE HORA CERTA LAPA;12536;10168;-2368;81,11%;
LAPA;UBS VILA IPOJUCA - WANDA COELHO DE MORAES;7490;5690;-1800;75,97%;
LIBERDADE;CAPS INFANTO JUVENIL SE AMORZEIRA;11850;0;-11850;0,00%;
LIBERDADE;SIAT II GLICERIO;720;0;-720;0,00%;
LIMAO;AMA/UBS INTEGRADA VILA BARBOSA;50792;30242;-20550;59,54%;
LIMAO;UBS VILA ESPANHOLA;49564;29400;-20164;59,32%;
LIMAO;UBS VILA SANTA MARIA;52260;29740;-22520;56,91%;
LIMAO;UBS ADELAIDE LOPES;11940;6634;-5306;55,56%;
MANDAQUI;UBS DR. DOMINGOS MAZZONETO DE CILO - VILA AURORA;2950;2640;-310;89,49%;
MANDAQUI;AMA/UBS INTEGRADA LAUZANE PAULISTA;15080;13040;-2040;86,47%;
MANDAQUI;UBS HORTO FLORESTAL;3400;2840;-560;83,53%;
MARSILAC;UBS DOM LUCIANO BERGAMIN;4800;4800;0;100,00%;
MARSILAC;UBS MARSILAC;4320;4320;0;100,00%;
MARSILAC;UBS JARDIM EMBURA;12600;12520;-80;99,37%;
MOOCA;CAPS AÅLCOOL E DROGAS II MOOCA;9840;9300;-540;94,51%;
MOOCA;UBS MOOCA I;7240;6280;-960;86,74%;
MOOCA;RESIDENCIA TERAPEUTICA MOOCA I;1044;0;-1044;0,00%;
MORUMBI;UBS REAL PARQUE  - PAULO MANGABEIRA ALBERNAZ FILHO;18790;14140;-4650;75,25%;
PARELHEIROS;RESIDENCIA TERAPEUTICA PARELHEIROS II;4572;4704;132;100,00%;
PARELHEIROS;RESIDENCIA TERAPEUTICA PARELHEIROS I - MISTA;4896;4920;24;100,00%;
PARELHEIROS;UBS JARDIM IPORA;18240;18240;0;100,00%;
PARELHEIROS;UBS JARDIM SILVEIRA;4800;4800;0;100,00%;
PARELHEIROS;UBS JARDIM SAO NORBERTO;12960;12880;-80;99,38%;
PARELHEIROS;UBS JARDIM DAS FONTES;10200;10120;-80;99,22%;
PARELHEIROS;UBS JARDIM SANTA FE ;12960;12840;-120;99,07%;
PARELHEIROS;UBS VILA MARCELO;8640;8560;-80;99,07%;
PARELHEIROS;UBS NOVA AMERICA;7680;7600;-80;98,96%;
PARELHEIROS;UBS RECANTO CAMPO BELO;28920;28610;-310;98,93%;
PARELHEIROS;CER II PARELHEIROS;9738;9560;-178;98,17%;
PARELHEIROS;UBS VILA ROSCHEL;7800;7640;-160;97,95%;
PARELHEIROS;UBS COLONIA;8832;8616;-216;97,55%;
PARELHEIROS;UBS PARELHEIROS;28680;27880;-800;97,21%;
PARELHEIROS;UBS VARGEM GRANDE;30360;29500;-860;97,17%;
PARELHEIROS;UBS VERA POTY;6840;6600;-240;96,49%;
PARELHEIROS;CEO III PARELHEIROS- CLINICA ODONTOL. ESPEC. YVETTE RANZINI VIEGAS;3360;3240;-120;96,43%;
PARELHEIROS;UBS BARRAGEM;9000;8560;-440;95,11%;
PARELHEIROS;UBS JARDIM CAMPINAS;30660;29140;-1520;95,04%;
PARELHEIROS;AMA PARELHEIROS ;14964;13596;-1368;90,86%;
PARELHEIROS;CAPS INFANTO JUVENIL II PARELHEIROS;7200;6500;-700;90,28%;
PARELHEIROS;PSM BALNEAÅRIO SAO JOSE;20604;17888;-2716;86,82%;
PARI;AMA/UBS INTEGRADA PARI;33222;30958;-2264;93,19%;
PARQUE DO CARMO;UBS GLEBA DO PESSEGO - VICENTE FIUZA DA COSTA;12220;11480;-740;93,94%;
PARQUE DO CARMO;UBS JARDIM HELIAN;11960;11040;-920;92,31%;
PARQUE DO CARMO;UBS JARDIM NOSSA SENHORA DO CARMO;39610;36350;-3260;91,77%;
PARQUE DO CARMO;UBS JARDIM COPA;22490;20470;-2020;91,02%;
PARQUE DO CARMO;UBS SANTO ESTEVAO - CARMOSINA;19240;17480;-1760;90,85%;
PEDREIRA;RESIDENCIA TERAPEUTICA CIDADE ADEMAR II - MISTA;3910;3812;-98;97,49%;
PEDREIRA;UPA PEDREIRA - DR. CESAR ANTUNES DA ROCHA ;16212;13848;-2364;85,42%;
PEDREIRA;HOSPITAL DIA CIDADE ADEMAR ;13546;11524;-2022;85,07%;
PEDREIRA;AMA/UBS INTEGRADA PARQUE DOROTEIA ;30488;24074;-6414;78,96%;
PEDREIRA;UBS JARDIM NOVO PANTANAL CIDADE ADEMAR;28460;22112;-6348;77,70%;
PEDREIRA;UBS MATA VIRGEM;32656;25192;-7464;77,14%;
PEDREIRA;UBS VILA GUACURI;38006;29202;-8804;76,84%;
PEDREIRA;UBS JARDIM APURA;21056;16132;-4924;76,61%;
PEDREIRA;CAPS INFANTO JUVENIL II CIDADE ADEMAR;9338;7142;-2196;76,48%;
PEDREIRA;UBS MAR PAULISTA;26770;20406;-6364;76,23%;
PEDREIRA;UBS JARDIM SELMA - C.ADEMAR;36456;27392;-9064;75,14%;
PEDREIRA;CER III CIDADE ADEMAR;19090;14246;-4844;74,63%;
PEDREIRA;UBS VILA APARECIDA;32656;24328;-8328;74,50%;
PEDREIRA;CAPS ADULTO II CIDADE ADEMAR;9948;7402;-2546;74,41%;
PEDREIRA;UBS LARANJEIRAS;27896;20652;-7244;74,03%;
PEDREIRA;CEO II LRPD DR. HUMBERTO NASTARI - PEDREIRA;3740;2500;-1240;66,84%;
PENHA;AMA MAURICE PATE;8092;7000;-1092;86,51%;
PENHA;RESIDENCIA TERAPEUTICA PENHA - MISTA;8536;7372;-1164;86,36%;
PENHA;CAPS INFANTO JUVENIL III PENHA;9832;8404;-1428;85,48%;
PENHA;CAPS ADULTO III VILA MATILDE;18564;15660;-2904;84,36%;
PENHA;UBS ENGENHEIRO TRINDADE;5960;4974;-986;83,46%;
PENHA;UBS VILA ESPERANCA - DR. EMILIO SANTIAGO DE OLIVEIRA ;5230;4358;-872;83,33%;
PENHA;CER III PENHA;9400;7784;-1616;82,81%;
PENHA;UBS VILA GRANADA - DR ALFREDO FERREIRA PAULINO FILHO;17760;14663;-3097;82,56%;
PENHA;UBS VILA ESPERANCA - DR. CASSIO BITTENCOURT FILHO;40880;32352;-8528;79,14%;
PENHA;CAPS ALCOOL E DROGAS III PENHA;13014;9962;-3052;76,55%;
PENHA;HOSPITAL DIA PENHA;26753;18660;-8093;69,75%;
PERDIZES;UBS VILA ANGLO - DR. JOSE SERRA RIBEIRO;7800;6630;-1170;85,00%;
PERDIZES;UBS JARDIM VERA CRUZ - PERDIZES;21410;17464;-3946;81,57%;
PERUS;UPA PERUS;22896;23728;832;100,00%;
PERUS;AMA ESPECIALIDADES PERUS;8028;7842;-186;97,68%;
PERUS;UBS RECANTO DOS HUMILDES;32400;31580;-820;97,47%;
PERUS;CAPS ADULTO II PERUS - ASM CASA VIVA;5760;5510;-250;95,66%;
PERUS;UBS VILA CAIUBA;32280;29820;-2460;92,38%;
PERUS;AMA/UBS INTEGRADA PERUS;16968;15674;-1294;92,37%;
PERUS;CAPS INFANTO JUVENIL II PERUS;8040;7060;-980;87,81%;
PINHEIROS;UBS DR. MANOEL JOAQUIM PERA;24080;20950;-3130;87,00%;
PIRITUBA;UPA PIRITUBA;23904;24906;1002;100,00%;
PIRITUBA;AMA/UBS INTEGRADA VILA PEREIRA BARRETO;8394;8186;-208;97,52%;
PIRITUBA;UBS MOINHO VELHO ;20880;20360;-520;97,51%;
PIRITUBA;UBS VILA PIRITUBA;29280;28540;-740;97,47%;
PIRITUBA;UBS JARDIM CIDADE PIRITUBA;21120;20520;-600;97,16%;
PIRITUBA;AMA ESPECIALIDADES VILA ZATT;9012;8676;-336;96,27%;
PIRITUBA;UBS VILA MAGGI;27360;26160;-1200;95,61%;
PIRITUBA;CAPS ALCOOL E DROGAS PIRITUBA - CASA AZUL;11160;10652;-508;95,45%;
PIRITUBA;CAPS ADULTO III PIRITUBA/JARAGUAÅ;10200;9704;-496;95,14%;
PIRITUBA;UBS DOMINGOS MANTELLI;14160;12940;-1220;91,38%;
PIRITUBA;HOSP MUN DR. JOSE SOARES HUNGRIA - PIRITUBA;1944;1136;-808;58,44%;
PONTE RASA;UBS BURGO PAULISTA;3180;3204;24;100,00%;
PONTE RASA;AMA/UBS INTEGRADA JARDIM POPULAR - MATHEUS SANTAMARIA  - ATE MARCO/2021;10626;10486;-140;98,68%;
PONTE RASA;UBS PONTE RASA - DR. CARLOS OLIVALDO DE SOUZA L. MUNIZ;10830;10518;-312;97,12%;
PONTE RASA;AMA/UBS INTEGRADA JARDIM TRES MARIAS - DR. MAURICIO ZAMIJOVSKY;16224;15584;-640;96,06%;
PONTE RASA;UBS JARDIM PENHA;4200;3990;-210;95,00%;
PONTE RASA;UBS COSTA MELO;20160;19060;-1100;94,54%;
PONTE RASA;AMA ESPECIALIDADES BURGO PAULISTA;9288;8438;-850;90,85%;
RAPOSO TAVARES;AMA/UBS INTEGRADA JARDIM S?O JORGE;55848;44512;-11336;79,70%;
RAPOSO TAVARES;AMA/UBS INTEGRADA PAULO VI;59200;46032;-13168;77,76%;
RAPOSO TAVARES;UBS JARDIM BOA VISTA;42600;31440;-11160;73,80%;
RAPOSO TAVARES;UBS VILA BORGES;13870;9020;-4850;65,03%;
REPUBLICA;CAPS AD IV REDENCAO;17460;0;-17460;0,00%;
REPUBLICA;HOTEL NOVA LUZ 1;3936;0;-3936;0,00%;
RIO PEQUENO;UBS RIO PEQUENO - DR. PAULO DE BARROS FRANCA;5580;4500;-1080;80,65%;
RIO PEQUENO;UBS JARDIM DABRIL;26970;21190;-5780;78,57%;
RIO PEQUENO;UBS JOSE MARCILIO MALTA CARDOSO;27030;21080;-5950;77,99%;
RIO PEQUENO;UBS VILA DALVA - ENG. GUILHERME HENRIQUE PINTO COELHO;29392;22780;-6612;77,50%;
RIO PEQUENO;UBS SAO REMO;25470;19380;-6090;76,09%;
SACOMA;AMA SACOMA;15984;16450;466;100,00%;
SACOMA;AMA ESPECIALIDADES VILA DAS MERCES;7968;7938;-30;99,62%;
SACOMA;UBS JARDIM SECKLER;18156;18036;-120;99,34%;
SACOMA;PSM AUGUSTO GOMES DE MATTOS;13104;12720;-384;97,07%;
SACOMA;AMA/UBS INTEGRADA PARQUE BRISTOL;19502;18924;-578;97,04%;
SACOMA;UBS AURELIO MELLONE;16880;16350;-530;96,86%;
SACOMA;UBS SACOMA;36720;35410;-1310;96,43%;
SACOMA;UBS DR EDUARDO ROMANO RESCHILIAN;27870;26670;-1200;95,69%;
SACOMA;UBS LUIZ ERNESTO MAZZONI;12140;11530;-610;94,98%;
SACOMA;UBS MOINHO VELHO II;720;680;-40;94,44%;
SACOMA;UBS VILA ARAPUAÅ;4920;4520;-400;91,87%;
SACOMA;UBS VILA DAS MERCES;12540;11080;-1460;88,36%;
SANTA CECILIA;AMA BORACEA - DR LUIZ BACCALA;2160;216;-1944;10,00%;
SANTA CECILIA;UBS BORACEA;25740;2180;-23560;8,47%;
SANTA CECILIA;UBS SANTA CECILIA - DR. HUMBERTO PASCALE;37860;3040;-34820;8,03%;
SANTA CECILIA;AMA ESPECIALIDADES DR HUMBERTO PASCALE SANTA CEC?LIA;8580;0;-8580;0,00%;
SANTA CECILIA;AMA PORTO SEGURO;1080;0;-1080;0,00%;
SANTA CECILIA;PSM BARRA FUNDA - ALVARO DINO DE ALMEIDA;17676;0;-17676;0,00%;
SANTANA;CAPS ADULTO III MANDAQUI;10244;9348;-896;91,25%;
SANTANA;PSM SANTANA - LAURO RIBAS BRAGA;21314;19342;-1972;90,75%;
SANTANA;UBS DR. JOAQUIM ANTONIO EIRADO;4160;3720;-440;89,42%;
SANTANA;CAPS AÅLCOOL E DROGAS III SANTANA;12874;11434;-1440;88,81%;
SANTANA;CAPS INFANTO JUVENIL III SANTANA;13406;11824;-1582;88,20%;
SANTANA;CER III TUCURUVI;12490;10960;-1530;87,75%;
SANTANA;URSI SANTANA JACANA;5720;4780;-940;83,57%;
SANTANA;AMB ESPEC TUCURUVI - PROF. ARMANDO DE AGUIAR PUPO ;3900;2870;-1030;73,59%;
SANTO AMARO;RESIDENCIA TERAPEUTICA SANTO AMARO III;3610;3966;356;100,00%;
SANTO AMARO;RESIDENCIA TERAPEUTICA SANTO AMARO I - MISTA;3844;3956;112;100,00%;
SANTO AMARO;RESIDENCIA TERAPEUTICA SANTO AMARO II;4222;3776;-446;89,44%;
SANTO AMARO;UBS SANTO AMARO - DR SERGIO VILLACA BRAGA;8764;6040;-2724;68,92%;
SANTO AMARO;UBS CHACARA SANTO ANTONIO - DR MARCILIO DE ARRUDA PENTEADO F;9446;6140;-3306;65,00%;
SANTO AMARO;UPA SANTO AMARO - JOSE SILVIO DE CAMARGO;10860;3764;-7096;34,66%;
SANTO AMARO;HOSPITAL INTEGRADO SANTO AMARO AMBULATORIO DE ESPECIALIDADES;13564;0;-13564;0,00%;
SAO DOMINGOS;UBS PARQUE MARIA DOMITILA ;35736;34212;-1524;95,74%;
SAO DOMINGOS;UBS SANTO ELIAS;14520;13780;-740;94,90%;
SAO DOMINGOS;AMA/UBS INTEGRADA ANHANGUERA;13278;12544;-734;94,47%;
SAO LUCAS;CASA DO PARTO DE SAPOPEMBA;6372;6300;-72;98,87%;
SAO LUCAS;UBS PARQUE SAO LUCAS;32404;31884;-520;98,40%;
SAO LUCAS;UBS JARDIM INDEPENDENCIA - HERMENEGILDO MORBIN JENIOR ;9756;9544;-212;97,83%;
SAO LUCAS;UBS VILA EMA;34520;33700;-820;97,62%;
SAO LUCAS;UBS REUNIDAS I;40464;39364;-1100;97,28%;
SAO LUCAS;AMA ESPECIALIDADES JARDIM GUAIRACA;9282;8984;-298;96,79%;
SAO LUCAS;UBS VILA HELOIçSA;2802;2642;-160;94,29%;
SAO LUCAS;UBS JARDIM GUAIRACA;28998;27078;-1920;93,38%;
SAO MATEUS;PA SAO MATEUS II;12096;10344;-1752;85,52%;
SAO MATEUS;HOSP DIA DA REDE HORA CERTA SAO MATEUS - DR.HENRIQUE C. GONCALVES;10528;8788;-1740;83,47%;
SAO MATEUS;SAD SAO MATEUS;12900;9510;-3390;73,72%;
SAO MATEUS;UBS JARDIM TIETE II;10240;7520;-2720;73,44%;
SAO MATEUS;AMA/UBS INTEGRADA JARDIM TIETE I;30400;22102;-8298;72,70%;
SAO MATEUS;UBS JARDIM PARAGUACU - DR. GONCALO FELICIANO ALVES;5350;3820;-1530;71,40%;
SAO MATEUS;UBS JARDIM NOVE DE JULHO;17360;12140;-5220;69,93%;
SAO MATEUS;CER JARDIM TIETE I;14250;9720;-4530;68,21%;
SAO MATEUS;UBS SAO MATEUS I;34570;21720;-12850;62,83%;
SAO MATEUS;UBS JARDIM IV CENTENAÅRIO;13250;7324;-5926;55,28%;
SAO MIGUEL;UBS NITRO OPERAÅRIA - PAULO FELDMAN;24560;22900;-1660;93,24%;
SAO MIGUEL;CER IV SAO MIGUEL;24020;22354;-1666;93,06%;
SAO MIGUEL;UBS JARDIM LAPENNA;12440;11520;-920;92,60%;
SAO MIGUEL;UPA TITO LOPES;23712;21414;-2298;90,31%;
SAO MIGUEL;UBS CIDADE NOVA SAO MIGUEL;32140;28690;-3450;89,27%;
SAO MIGUEL;HOSPITAL DIA DA REDE HORA CERTA SAO MIGUEL PAULISTA TITO LOPES;13092;9370;-3722;71,57%;
SAO MIGUEL;UBS VILA PROGRESSO - JARDIM MONTE ALEGRE;9554;5410;-4144;56,63%;
SAO RAFAEL;AMA/UBS INTEGRADA JARDIM SAO FRANCISCO II;44964;33112;-11852;73,64%;
SAO RAFAEL;UBS RIO CLARO;40560;29690;-10870;73,20%;
SAO RAFAEL;UBS CARRAOZINHO;14080;10240;-3840;72,73%;
SAO RAFAEL;UBS JARDIM DA CONQUISTA I;28880;20160;-8720;69,81%;
SAO RAFAEL;UBS JARDIM COLORADO - DR. JOSE PIRES;23880;16600;-7280;69,51%;
SAO RAFAEL;UBS PARQUE SAO RAFAEL - DR ORA ROSEN;24700;16480;-8220;66,72%;
SAO RAFAEL;AMA/UBS INTEGRADA JARDIM SANTO ANDRE;32088;21300;-10788;66,38%;
SAPOPEMBA;UBS FAZENDA DA JUTA I;21080;20980;-100;99,53%;
SAPOPEMBA;UBS PRO MORAR;23760;23520;-240;98,99%;
SAPOPEMBA;UBS JARDIM SAPOPEMBA;25680;25400;-280;98,91%;
SAPOPEMBA;UBS JARDIM DOS EUCALIPTOS - HELIO MOREIRA SALLES;27840;27520;-320;98,85%;
SAPOPEMBA;AMA/UBS INTEGRADA JARDIM GRIMALDI;13752;13582;-170;98,76%;
SAPOPEMBA;AMA/UBS INTEGRADA JARDIM ELBA - HUMBERTO GASTAO BODRA;24408;24088;-320;98,69%;
SAPOPEMBA;UBS JARDIM SINHA;26560;26140;-420;98,42%;
SAPOPEMBA;UBS SANTA MADALENA;9440;9280;-160;98,31%;
SAPOPEMBA;UBS VILA RENATO;15080;14800;-280;98,14%;
SAPOPEMBA;UBS IGUACU;28760;28180;-580;97,98%;
SAPOPEMBA;CAPS AÅLCOOL E DROGAS II SAPOPEMBA;9600;9370;-230;97,60%;
SAPOPEMBA;UBS IACAPE - JARDIM PLANALTO;30800;29980;-820;97,34%;
SAPOPEMBA;UBS MASCARENHAS DE MORAES;23560;22920;-640;97,28%;
SAPOPEMBA;UBS REUNIDAS II;29520;28620;-900;96,95%;
SAPOPEMBA;UBS TEOTONIO VILELA;31160;29980;-1180;96,21%;
SAPOPEMBA;UBS FAZENDA DA JUTA II;19440;18460;-980;94,96%;
SAPOPEMBA;CAPS ADULTO III SAPOPEMBA;15312;14404;-908;94,07%;
SAPOPEMBA;AMA SAPOPEMBA;4176;3926;-250;94,01%;
SAPOPEMBA;AMB ESPEC SAPOPEMBA;7884;7376;-508;93,56%;
SAPOPEMBA;CAPS INFANTO JUVENIL II SAPOPEMBA;9600;8980;-620;93,54%;
SAPOPEMBA;UBS PASTORAL;12320;11440;-880;92,86%;
SAPOPEMBA;CER III SAPOPEMBA;16680;15090;-1590;90,47%;
SAPOPEMBA;CEO II SAPOPEMBA;6240;5590;-650;89,58%;
SAUDE;UBS PROF. MILTON SANTOS;12520;12290;-230;98,16%;
SAUDE;UBS PARQUE IMPERIAL - MANOEL ANTONIO DA SILVA SARAGOCA;10440;10122;-318;96,95%;
SE;UBS REPUBLICA;31980;2810;-29170;8,79%;
SE;UBS SE;26040;2160;-23880;8,29%;
SE;AMA SE;8784;432;-8352;4,92%;
SE;CER III SE;19590;780;-18810;3,98%;
SE;CAPS ALCOOL E DROGAS III CENTRO;12582;0;-12582;0,00%;
SE;UNIDADE DE APOIO REDENCAO - HELVETIA;39924;0;-39924;0,00%;
SE;CAPS ADULTO III SE;8676;0;-8676;0,00%;
SOCORRO;RESIDENCIA TERAPEUTICA CAPELA DO SOCORRO III;6400;5696;-704;89,00%;
SOCORRO;UBS VELEIROS;12804;8866;-3938;69,24%;
SOCORRO;RESIDENCIA TERAPEUTICA CAPELA DO SOCORRO IV;2200;1320;-880;60,00%;
SOCORRO;RESIDENCIA TERAPEUTICA CAPELA DO SOCORRO V;2200;1320;-880;60,00%;
TATUAPE;UBS VILA SANTO ESTEVAO DR WOADY JORGE KALIL;1360;1340;-20;98,53%;
TATUAPE;CER II TATUAPE DR SALOMAO CROCHIK;16020;14710;-1310;91,82%;
TATUAPE;UPA TATUAPE;5560;3620;-1940;65,11%;
TREMEMBE;UBS VILA ALBERTINA - DR. OSVALDO MARCAL;35590;32080;-3510;90,14%;
TREMEMBE;UBS JARDIM FONTALIS;22830;20540;-2290;89,97%;
TREMEMBE;UBS JARDIM DAS PEDRAS;10210;9160;-1050;89,72%;
TREMEMBE;AMA/UBS INTEGRADA JARDIM JOAMAR ;12870;11160;-1710;86,71%;
TREMEMBE;UBS JARDIM APUANA;12480;10680;-1800;85,58%;
TREMEMBE;UBS FLOR DE MAIO;17550;14200;-3350;80,91%;
TREMEMBE;UBS DONA MARIQUINHA SCIASCIA;8710;6750;-1960;77,50%;
TUCURUVI;AMA/UBS INTEGRADA WAMBERTO DIAS DA COSTA;20720;17500;-3220;84,46%;
TUCURUVI;UBS VILA NIVI;10030;8400;-1630;83,75%;
TUCURUVI;UBS CONJUNTO IPESP;4750;3960;-790;83,37%;
VILA CURUCA;CER II JARDIM CAMPOS;16780;16402;-378;97,75%;
VILA CURUCA;UBS JARDIM CAMPOS;29840;28404;-1436;95,19%;
VILA CURUCA;CAPS ADULTO II ITAIM PAULISTA;7636;7242;-394;94,84%;
VILA CURUCA;UBS VILA CURUCA;27440;25940;-1500;94,53%;
VILA CURUCA;UBS JARAGUA;16800;15864;-936;94,43%;
VILA CURUCA;UBS PARQUE SANTA RITA;28050;26370;-1680;94,01%;
VILA CURUCA;UBS DOM JOAO NERY;31620;28710;-2910;90,80%;
VILA CURUCA;UBS VILA NOVA CURUCA;36550;32850;-3700;89,88%;
VILA CURUCA;UBS JARDIM ROBRU-MESSIAS JOSE DA SILVA;25190;21900;-3290;86,94%;
VILA CURUCA;UBS JARDIM SILVA TELLES;29896;23364;-6532;78,15%;
VILA FORMOSA;UBS VILA FORMOSA II;15160;15120;-40;99,74%;
VILA FORMOSA;UBS COMENDADOR JOSE GONZALES;14340;13910;-430;97,00%;
VILA FORMOSA;RESIDENCIA TERAPEUTICA ARICANDUVA I - FEMININO;3996;3860;-136;96,60%;
VILA FORMOSA;UBS VILA GUARANI;14420;12580;-1840;87,24%;
VILA GUILHERME;HOSP DIA DA REDE HORA CERTA VILA GUILHERME VILA MARIA;16698;12638;-4060;75,69%;
VILA GUILHERME;AMA/UBS INTEGRADA VILA GUILHERME;17022;12880;-4142;75,67%;
VILA GUILHERME;UBS CARANDIRU;17540;13034;-4506;74,31%;
VILA GUILHERME;UBS VILA IZOLINA MAZZEI;23282;17202;-6080;73,89%;
VILA GUILHERME;CER III CARANDIRU;15520;11362;-4158;73,21%;
VILA GUILHERME;UBS VILA LEONOR;10140;7190;-2950;70,91%;
VILA JACUI;UBS VILA JACUI;580;580;0;100,00%;
VILA JACUI;UBS CIDADE PEDRO JOSE NUNES;21680;20720;-960;95,57%;
VILA JACUI;UBS SANTA INES;23780;22690;-1090;95,42%;
VILA JACUI;UBS DR. THERSIO VENTURA;31900;29610;-2290;92,82%;
VILA JACUI;UBS UNIAO VILA NOVA ( ANTIGA - ADAO MANOEL DA SILVA);33400;30970;-2430;92,72%;
VILA JACUI;AMA/UBS INTEGRADA SITIO DA CASA PINTADA;11506;10664;-842;92,68%;
VILA JACUI;UBS JARDIM SAO CARLOS;26110;23860;-2250;91,38%;
VILA JACUI;UBS JARDIM DAS CAMELIAS;19880;16900;-2980;85,01%;
VILA LEOPOLDINA;UBS PARQUE DA LAPA;33590;28240;-5350;84,07%;
VILA MARIA;UBS PARQUE NOVO MUNDO II;32710;24210;-8500;74,01%;
VILA MARIA;UBS JARDIM JAPAO;17980;13170;-4810;73,25%;
VILA MARIA;UBS PARQUE NOVO MUNDO I;36850;26660;-10190;72,35%;
VILA MARIA;CAPS INFANTO JUVENIL II VILA MARIA VILA GUILHERME;14010;9866;-4144;70,42%;
VILA MARIA;PSM VILA MARIA BAIXA;16698;11072;-5626;66,31%;
VILA MARIA;UBS VILA MARIA - DR. LUIZ PAULO GNECCO;17680;11372;-6308;64,32%;
VILA MARIA;CAPS AD III VILA MARIA ;6998;0;-6998;0,00%;
VILA MARIANA;CONSULTORIO ODONTOLOGICO TCM;1200;1200;0;100,00%;
VILA MARIANA;CENTRO OLIçMPICO DE TREINAMENTO E PESQUISA;4656;4548;-108;97,68%;
VILA MARIANA;UPA VILA MARIANA;14976;14300;-676;95,49%;
VILA MARIANA;AMA SANTA CRUZ;3504;3300;-204;94,18%;
VILA MARIANA;CENTRO DE REFERENCIA DE DOR CRONICA;500;210;-290;42,00%;
VILA MATILDE;UBS VILA MATILDE - DR.RUBENS DO VAL;6258;5438;-820;86,90%;
VILA MATILDE;UBS VILA ARICANDUVA;5860;5090;-770;86,86%;
VILA MATILDE;AMA ALEXANDRE ZAIO;32226;27786;-4440;86,22%;
VILA MATILDE;UBS JARDIM MARINGA - VILA TALARICO;30380;25480;-4900;83,87%;
VILA MATILDE;UBS CIDADE PATRIARCA - DR. HERMENEGILDO MORBIM JENIOR;6700;5600;-1100;83,58%;
VILA MATILDE;UBS VILA GUILHERMINA - DR. AMERICO RASPA NETO;13400;10880;-2520;81,19%;
VILA MEDEIROS;UBS VILA EDE;15220;11300;-3920;74,24%;
VILA MEDEIROS;UBS VILA SABRINA - DR. CARLOS AUGUSTO AUTRAN PEDERNEIRAS LIMA;10800;7860;-2940;72,78%;
VILA MEDEIROS;AMA/UBS INTEGRADA JARDIM BRASIL;44244;32074;-12170;72,49%;
VILA MEDEIROS;UBS JARDIM JULIETA;7660;5530;-2130;72,19%;
VILA MEDEIROS;CEO II VILA MARIA/VILA GUILHERME;4120;2860;-1260;69,42%;
VILA MEDEIROS;AMA/UBS INTEGRADA VILA MEDEIROS;18668;12788;-5880;68,50%;
VILA PRUDENTE;RESIDENCIA TERAPEUTICA VILA PRUDENTE I - FEMININO;4176;4176;0;100,00%;
VILA PRUDENTE;RESIDENCIA TERAPEUTICA SAPOPEMBA I - MISTA;4176;4136;-40;99,04%;
VILA PRUDENTE;CAPS INFANTIL II VILA PRUDENTE;8280;8130;-150;98,19%;
VILA PRUDENTE;RESIDENCIA TERAPEUTICA VILA PRUDENTE II - MASCULINO;4176;4100;-76;98,18%;
VILA PRUDENTE;HOSPITAL DIA VILA PRUDENTE;12930;12526;-404;96,88%;
VILA PRUDENTE;UBS VILA PRUDENTE;23094;22104;-990;95,71%;
VILA PRUDENTE;AMA/UBS INTEGRADA VILA CALIFORNIA - ZEILIVAL BRUSCAGIN;18708;17802;-906;95,16%;
VILA PRUDENTE;RESIDENCIA TERAPEUTICA SAPOPEMBA II - MISTA;4176;3880;-296;92,91%;
VILA PRUDENTE;CER II VILA PRUDENTE;6600;5850;-750;88,64%;
VILA SONIA;AMA/UBS INTEGRADA VILA SONIA;33118;25310;-7808;76,42%;
VILA SONIA;UBS JARDIM COLOMBO;42840;32280;-10560;75,35%;
VILA SONIA;UBS JARDIM JAQUELINE;26120;19100;-7020;73,12%;
